Campus,firstName,surname,gender,Nu.
Campus 7,Firstname 1159,Surname 1159,F,0.000209
Campus 5,Firstname 846,Surname 846,F,0.000212
Campus 7,Firstname 1073,Surname 1073,F,0.000376
Campus 4,Firstname 519,Surname 519,F,0.000770
Campus 7,Firstname 1057,Surname 1057,F,0.001755
Campus 2,Firstname 158,Surname 158,F,0.002201
Campus 7,Firstname 1079,Surname 1079,F,0.002651
Campus 5,Firstname 820,Surname 820,F,0.002740
Campus 4,Firstname 598,Surname 598,F,0.003233
Campus 7,Firstname 1046,Surname 1046,M,0.004064
Campus 2,Firstname 61,Surname 61,F,0.004071
Campus 3,Firstname 345,Surname 345,F,0.004603
Campus 7,Firstname 1295,Surname 1295,F,0.007197
Campus 4,Firstname 742,Surname 742,F,0.007303
Campus 3,Firstname 277,Surname 277,F,0.007371
Campus 3,Firstname 323,Surname 323,F,0.008205
Campus 4,Firstname 404,Surname 404,M,0.008590
Campus 5,Firstname 860,Surname 860,F,0.009224
Campus 6,Firstname 961,Surname 961,F,0.009807
Campus 3,Firstname 312,Surname 312,F,0.010318
Campus 7,Firstname 1053,Surname 1053,F,0.012849
Campus 8,Firstname 1335,Surname 1335,F,0.013704
Campus 3,Firstname 296,Surname 296,M,0.013845
Campus 3,Firstname 370,Surname 370,F,0.014121
Campus 4,Firstname 571,Surname 571,F,0.014181
Campus 9,Firstname 1536,Surname 1536,F,0.014197
Campus 4,Firstname 811,Surname 811,F,0.014629
Campus 6,Firstname 970,Surname 970,F,0.014659
Campus 7,Firstname 1185,Surname 1185,F,0.014746
Campus 3,Firstname 313,Surname 313,F,0.014938
Campus 2,Firstname 104,Surname 104,M,0.015597
Campus 7,Firstname 1256,Surname 1256,F,0.015816
Campus 7,Firstname 1298,Surname 1298,F,0.017104
Campus 2,Firstname 35,Surname 35,F,0.017665
Campus 7,Firstname 1206,Surname 1206,F,0.020557
Campus 2,Firstname 175,Surname 175,F,0.022210
Campus 4,Firstname 643,Surname 643,F,0.022471
Campus 5,Firstname 841,Surname 841,F,0.023440
Campus 4,Firstname 499,Surname 499,F,0.023447
Campus 7,Firstname 1285,Surname 1285,F,0.023493
Campus 4,Firstname 520,Surname 520,F,0.024579
Campus 7,Firstname 1123,Surname 1123,F,0.024768
Campus 4,Firstname 375,Surname 375,F,0.025294
Campus 4,Firstname 703,Surname 703,M,0.026859
Campus 6,Firstname 985,Surname 985,F,0.027979
Campus 2,Firstname 203,Surname 203,F,0.028802
Campus 3,Firstname 310,Surname 310,F,0.029011
Campus 2,Firstname 93,Surname 93,M,0.029530
Campus 2,Firstname 213,Surname 213,F,0.029890
Campus 8,Firstname 1343,Surname 1343,F,0.030109
Campus 8,Firstname 1359,Surname 1359,F,0.030301
Campus 2,Firstname 198,Surname 198,F,0.030404
Campus 4,Firstname 547,Surname 547,M,0.030905
Campus 5,Firstname 892,Surname 892,F,0.031276
Campus 1,Firstname 1,Surname 1,F,0.031428
Campus 5,Firstname 859,Surname 859,F,0.031907
Campus 9,Firstname 1471,Surname 1471,F,0.032487
Campus 8,Firstname 1338,Surname 1338,M,0.032565
Campus 6,Firstname 925,Surname 925,F,0.032894
Campus 4,Firstname 727,Surname 727,F,0.033700
Campus 6,Firstname 952,Surname 952,F,0.033860
Campus 4,Firstname 666,Surname 666,F,0.034430
Campus 2,Firstname 156,Surname 156,F,0.035210
Campus 4,Firstname 768,Surname 768,F,0.036340
Campus 4,Firstname 678,Surname 678,F,0.036510
Campus 2,Firstname 82,Surname 82,M,0.036833
Campus 4,Firstname 710,Surname 710,F,0.036866
Campus 4,Firstname 800,Surname 800,F,0.037139
Campus 4,Firstname 614,Surname 614,F,0.037488
Campus 7,Firstname 1258,Surname 1258,F,0.038754
Campus 8,Firstname 1315,Surname 1315,F,0.038901
Campus 7,Firstname 1228,Surname 1228,F,0.039716
Campus 9,Firstname 1486,Surname 1486,F,0.040113
Campus 4,Firstname 511,Surname 511,F,0.041363
Campus 2,Firstname 132,Surname 132,F,0.041728
Campus 2,Firstname 210,Surname 210,F,0.042093
Campus 7,Firstname 1110,Surname 1110,F,0.045153
Campus 3,Firstname 368,Surname 368,F,0.045347
Campus 9,Firstname 1441,Surname 1441,F,0.045523
Campus 7,Firstname 1213,Surname 1213,F,0.045752
Campus 4,Firstname 554,Surname 554,M,0.045805
Campus 4,Firstname 428,Surname 428,F,0.045873
Campus 4,Firstname 670,Surname 670,F,0.045907
Campus 4,Firstname 781,Surname 781,F,0.046545
Campus 6,Firstname 967,Surname 967,F,0.047122
Campus 7,Firstname 1101,Surname 1101,F,0.047572
Campus 5,Firstname 898,Surname 898,F,0.048228
Campus 2,Firstname 179,Surname 179,F,0.049198
Campus 3,Firstname 285,Surname 285,F,0.051209
Campus 4,Firstname 515,Surname 515,F,0.051305
Campus 4,Firstname 754,Surname 754,F,0.051316
Campus 2,Firstname 240,Surname 240,F,0.051431
Campus 7,Firstname 1152,Surname 1152,F,0.052266
Campus 6,Firstname 958,Surname 958,F,0.052701
Campus 9,Firstname 1479,Surname 1479,M,0.052976
Campus 7,Firstname 1199,Surname 1199,F,0.053402
Campus 2,Firstname 219,Surname 219,F,0.053484
Campus 4,Firstname 760,Surname 760,F,0.054277
Campus 8,Firstname 1410,Surname 1410,F,0.054286
Campus 4,Firstname 564,Surname 564,F,0.055589
Campus 2,Firstname 116,Surname 116,M,0.057310
Campus 7,Firstname 1154,Surname 1154,F,0.061393
Campus 5,Firstname 867,Surname 867,F,0.061863
Campus 4,Firstname 739,Surname 739,F,0.061949
Campus 5,Firstname 825,Surname 825,F,0.062204
Campus 7,Firstname 1169,Surname 1169,M,0.062506
Campus 8,Firstname 1314,Surname 1314,F,0.063133
Campus 4,Firstname 380,Surname 380,F,0.063569
Campus 9,Firstname 1531,Surname 1531,F,0.065524
Campus 5,Firstname 903,Surname 903,F,0.066332
Campus 4,Firstname 593,Surname 593,F,0.066645
Campus 3,Firstname 329,Surname 329,F,0.067944
Campus 7,Firstname 1137,Surname 1137,F,0.068030
Campus 3,Firstname 367,Surname 367,F,0.068096
Campus 4,Firstname 600,Surname 600,M,0.068258
Campus 5,Firstname 815,Surname 815,F,0.068727
Campus 2,Firstname 169,Surname 169,F,0.068934
Campus 7,Firstname 1143,Surname 1143,M,0.069137
Campus 7,Firstname 1133,Surname 1133,F,0.069224
Campus 8,Firstname 1366,Surname 1366,F,0.072143
Campus 8,Firstname 1340,Surname 1340,F,0.072601
Campus 8,Firstname 1326,Surname 1326,F,0.073119
Campus 8,Firstname 1386,Surname 1386,F,0.074019
Campus 7,Firstname 1242,Surname 1242,F,0.074680
Campus 4,Firstname 407,Surname 407,M,0.074787
Campus 5,Firstname 834,Surname 834,F,0.076592
Campus 4,Firstname 779,Surname 779,F,0.078374
Campus 7,Firstname 1283,Surname 1283,F,0.078539
Campus 3,Firstname 369,Surname 369,F,0.080211
Campus 4,Firstname 586,Surname 586,F,0.081249
Campus 8,Firstname 1345,Surname 1345,M,0.082125
Campus 4,Firstname 410,Surname 410,M,0.082398
Campus 7,Firstname 1236,Surname 1236,F,0.082779
Campus 8,Firstname 1304,Surname 1304,F,0.082937
Campus 2,Firstname 123,Surname 123,F,0.083255
Campus 3,Firstname 294,Surname 294,F,0.084696
Campus 9,Firstname 1518,Surname 1518,F,0.084982
Campus 4,Firstname 451,Surname 451,F,0.085160
Campus 9,Firstname 1496,Surname 1496,F,0.085455
Campus 4,Firstname 782,Surname 782,F,0.086474
Campus 3,Firstname 351,Surname 351,F,0.086919
Campus 7,Firstname 1148,Surname 1148,F,0.088239
Campus 9,Firstname 1434,Surname 1434,F,0.088782
Campus 4,Firstname 518,Surname 518,F,0.089347
Campus 9,Firstname 1506,Surname 1506,F,0.089712
Campus 5,Firstname 855,Surname 855,F,0.090301
Campus 4,Firstname 552,Surname 552,F,0.090385
Campus 4,Firstname 623,Surname 623,F,0.090640
Campus 7,Firstname 1281,Surname 1281,F,0.092826
Campus 6,Firstname 960,Surname 960,F,0.093053
Campus 7,Firstname 1287,Surname 1287,F,0.093824
Campus 4,Firstname 501,Surname 501,F,0.094013
Campus 4,Firstname 747,Surname 747,F,0.094202
Campus 9,Firstname 1556,Surname 1556,F,0.094980
Campus 2,Firstname 194,Surname 194,F,0.095909
Campus 9,Firstname 1526,Surname 1526,F,0.096851
Campus 6,Firstname 929,Surname 929,F,0.097056
Campus 2,Firstname 24,Surname 24,M,0.098383
Campus 7,Firstname 1071,Surname 1071,F,0.098777
Campus 8,Firstname 1413,Surname 1413,F,0.099208
Campus 4,Firstname 687,Surname 687,F,0.099785
Campus 4,Firstname 590,Surname 590,F,0.099806
Campus 7,Firstname 1286,Surname 1286,F,0.099888
Campus 5,Firstname 871,Surname 871,M,0.100391
Campus 7,Firstname 1058,Surname 1058,M,0.100698
Campus 4,Firstname 503,Surname 503,M,0.101436
Campus 4,Firstname 797,Surname 797,F,0.103473
Campus 7,Firstname 1209,Surname 1209,F,0.104446
Campus 6,Firstname 971,Surname 971,M,0.104461
Campus 8,Firstname 1349,Surname 1349,F,0.104743
Campus 3,Firstname 273,Surname 273,F,0.105176
Campus 6,Firstname 933,Surname 933,F,0.106977
Campus 2,Firstname 172,Surname 172,F,0.107186
Campus 7,Firstname 1140,Surname 1140,F,0.107422
Campus 4,Firstname 605,Surname 605,F,0.107649
Campus 4,Firstname 726,Surname 726,F,0.108241
Campus 4,Firstname 526,Surname 526,M,0.108483
Campus 4,Firstname 399,Surname 399,F,0.109031
Campus 9,Firstname 1543,Surname 1543,F,0.109695
Campus 9,Firstname 1457,Surname 1457,M,0.109810
Campus 4,Firstname 513,Surname 513,M,0.110039
Campus 6,Firstname 1018,Surname 1018,F,0.110266
Campus 2,Firstname 174,Surname 174,F,0.110604
Campus 4,Firstname 677,Surname 677,F,0.111979
Campus 7,Firstname 1048,Surname 1048,F,0.112145
Campus 7,Firstname 1168,Surname 1168,M,0.112325
Campus 8,Firstname 1404,Surname 1404,F,0.113426
Campus 2,Firstname 242,Surname 242,F,0.114759
Campus 7,Firstname 1109,Surname 1109,F,0.114816
Campus 7,Firstname 1173,Surname 1173,F,0.114979
Campus 2,Firstname 120,Surname 120,M,0.115369
Campus 4,Firstname 534,Surname 534,F,0.115775
Campus 3,Firstname 248,Surname 248,F,0.116008
Campus 5,Firstname 870,Surname 870,M,0.116053
Campus 6,Firstname 948,Surname 948,F,0.116167
Campus 6,Firstname 1026,Surname 1026,F,0.116673
Campus 1,Firstname 20,Surname 20,F,0.117082
Campus 4,Firstname 628,Surname 628,F,0.117684
Campus 4,Firstname 592,Surname 592,F,0.118633
Campus 9,Firstname 1501,Surname 1501,F,0.119401
Campus 7,Firstname 1064,Surname 1064,F,0.119435
Campus 4,Firstname 692,Surname 692,F,0.119578
Campus 4,Firstname 438,Surname 438,M,0.119636
Campus 3,Firstname 250,Surname 250,M,0.120974
Campus 4,Firstname 746,Surname 746,F,0.123496
Campus 3,Firstname 272,Surname 272,F,0.123498
Campus 2,Firstname 167,Surname 167,F,0.124499
Campus 9,Firstname 1484,Surname 1484,M,0.124695
Campus 9,Firstname 1520,Surname 1520,F,0.126206
Campus 8,Firstname 1324,Surname 1324,M,0.126481
Campus 5,Firstname 900,Surname 900,F,0.126862
Campus 8,Firstname 1347,Surname 1347,M,0.127528
Campus 4,Firstname 430,Surname 430,M,0.128930
Campus 3,Firstname 276,Surname 276,M,0.131572
Campus 8,Firstname 1321,Surname 1321,M,0.131665
Campus 4,Firstname 427,Surname 427,M,0.132127
Campus 4,Firstname 654,Surname 654,F,0.135657
Campus 7,Firstname 1274,Surname 1274,F,0.135717
Campus 4,Firstname 667,Surname 667,F,0.136360
Campus 2,Firstname 28,Surname 28,M,0.136392
Campus 4,Firstname 538,Surname 538,M,0.137714
Campus 2,Firstname 157,Surname 157,F,0.138808
Campus 6,Firstname 955,Surname 955,F,0.138868
Campus 7,Firstname 1096,Surname 1096,F,0.139097
Campus 7,Firstname 1257,Surname 1257,F,0.140431
Campus 7,Firstname 1047,Surname 1047,F,0.140532
Campus 2,Firstname 56,Surname 56,M,0.140908
Campus 4,Firstname 493,Surname 493,F,0.141559
Campus 4,Firstname 505,Surname 505,F,0.141712
Campus 4,Firstname 439,Surname 439,M,0.142270
Campus 7,Firstname 1263,Surname 1263,F,0.143773
Campus 6,Firstname 1000,Surname 1000,F,0.144790
Campus 7,Firstname 1034,Surname 1034,F,0.145887
Campus 7,Firstname 1084,Surname 1084,F,0.147334
Campus 4,Firstname 562,Surname 562,M,0.147384
Campus 4,Firstname 397,Surname 397,F,0.147388
Campus 2,Firstname 177,Surname 177,F,0.147730
Campus 3,Firstname 275,Surname 275,F,0.148017
Campus 4,Firstname 481,Surname 481,M,0.148023
Campus 2,Firstname 44,Surname 44,M,0.149004
Campus 7,Firstname 1214,Surname 1214,F,0.149535
Campus 4,Firstname 606,Surname 606,F,0.149536
Campus 2,Firstname 149,Surname 149,F,0.149767
Campus 4,Firstname 701,Surname 701,F,0.149875
Campus 4,Firstname 461,Surname 461,F,0.149994
Campus 1,Firstname 9,Surname 9,F,0.150047
Campus 7,Firstname 1200,Surname 1200,F,0.151733
Campus 7,Firstname 1040,Surname 1040,F,0.152434
Campus 3,Firstname 281,Surname 281,F,0.152801
Campus 4,Firstname 550,Surname 550,M,0.153834
Campus 4,Firstname 383,Surname 383,M,0.154358
Campus 4,Firstname 385,Surname 385,M,0.154646
Campus 2,Firstname 180,Surname 180,F,0.155048
Campus 6,Firstname 927,Surname 927,F,0.155089
Campus 3,Firstname 337,Surname 337,F,0.156049
Campus 4,Firstname 725,Surname 725,F,0.156646
Campus 2,Firstname 121,Surname 121,F,0.158166
Campus 9,Firstname 1482,Surname 1482,F,0.158221
Campus 4,Firstname 689,Surname 689,F,0.158486
Campus 2,Firstname 234,Surname 234,F,0.158552
Campus 5,Firstname 884,Surname 884,F,0.158656
Campus 6,Firstname 931,Surname 931,F,0.159184
Campus 2,Firstname 96,Surname 96,F,0.159449
Campus 8,Firstname 1346,Surname 1346,F,0.159806
Campus 4,Firstname 528,Surname 528,F,0.159812
Campus 2,Firstname 74,Surname 74,F,0.160400
Campus 5,Firstname 876,Surname 876,M,0.161728
Campus 8,Firstname 1312,Surname 1312,M,0.163336
Campus 7,Firstname 1098,Surname 1098,M,0.163498
Campus 8,Firstname 1385,Surname 1385,F,0.163695
Campus 2,Firstname 67,Surname 67,F,0.163720
Campus 2,Firstname 125,Surname 125,F,0.163738
Campus 2,Firstname 95,Surname 95,F,0.163861
Campus 8,Firstname 1397,Surname 1397,F,0.164203
Campus 4,Firstname 539,Surname 539,M,0.164926
Campus 7,Firstname 1087,Surname 1087,F,0.164991
Campus 7,Firstname 1241,Surname 1241,F,0.166161
Campus 2,Firstname 171,Surname 171,F,0.166814
Campus 4,Firstname 729,Surname 729,F,0.167171
Campus 5,Firstname 877,Surname 877,F,0.167442
Campus 8,Firstname 1418,Surname 1418,F,0.168296
Campus 4,Firstname 426,Surname 426,F,0.168898
Campus 7,Firstname 1126,Surname 1126,F,0.168957
Campus 3,Firstname 301,Surname 301,F,0.169150
Campus 8,Firstname 1303,Surname 1303,F,0.169378
Campus 2,Firstname 119,Surname 119,F,0.170536
Campus 8,Firstname 1393,Surname 1393,F,0.170594
Campus 7,Firstname 1273,Surname 1273,F,0.171075
Campus 8,Firstname 1350,Surname 1350,F,0.171386
Campus 2,Firstname 55,Surname 55,F,0.171599
Campus 7,Firstname 1035,Surname 1035,F,0.171968
Campus 7,Firstname 1093,Surname 1093,F,0.171979
Campus 4,Firstname 655,Surname 655,M,0.172194
Campus 4,Firstname 576,Surname 576,F,0.173138
Campus 5,Firstname 881,Surname 881,M,0.174687
Campus 5,Firstname 890,Surname 890,F,0.174985
Campus 6,Firstname 940,Surname 940,F,0.175694
Campus 7,Firstname 1238,Surname 1238,F,0.177013
Campus 9,Firstname 1545,Surname 1545,F,0.179830
Campus 2,Firstname 230,Surname 230,F,0.184201
Campus 5,Firstname 878,Surname 878,F,0.184782
Campus 8,Firstname 1373,Surname 1373,F,0.185462
Campus 8,Firstname 1423,Surname 1423,F,0.185774
Campus 9,Firstname 1464,Surname 1464,F,0.186551
Campus 5,Firstname 864,Surname 864,F,0.186552
Campus 6,Firstname 962,Surname 962,F,0.187646
Campus 9,Firstname 1433,Surname 1433,F,0.188406
Campus 7,Firstname 1182,Surname 1182,F,0.190707
Campus 2,Firstname 60,Surname 60,F,0.190957
Campus 6,Firstname 957,Surname 957,F,0.191436
Campus 4,Firstname 536,Surname 536,F,0.192543
Campus 2,Firstname 141,Surname 141,F,0.194310
Campus 9,Firstname 1504,Surname 1504,F,0.195392
Campus 5,Firstname 895,Surname 895,M,0.195749
Campus 7,Firstname 1120,Surname 1120,F,0.196599
Campus 4,Firstname 640,Surname 640,F,0.196612
Campus 6,Firstname 990,Surname 990,F,0.197037
Campus 4,Firstname 792,Surname 792,F,0.197155
Campus 3,Firstname 343,Surname 343,F,0.198886
Campus 4,Firstname 588,Surname 588,F,0.199056
Campus 6,Firstname 1008,Surname 1008,F,0.199422
Campus 9,Firstname 1458,Surname 1458,M,0.199423
Campus 4,Firstname 460,Surname 460,F,0.199436
Campus 4,Firstname 504,Surname 504,F,0.200707
Campus 9,Firstname 1470,Surname 1470,M,0.202601
Campus 4,Firstname 467,Surname 467,F,0.202876
Campus 6,Firstname 992,Surname 992,F,0.203030
Campus 3,Firstname 259,Surname 259,M,0.203607
Campus 5,Firstname 854,Surname 854,F,0.203918
Campus 8,Firstname 1316,Surname 1316,F,0.203969
Campus 5,Firstname 862,Surname 862,F,0.204355
Campus 4,Firstname 639,Surname 639,F,0.204374
Campus 4,Firstname 718,Surname 718,F,0.205443
Campus 4,Firstname 700,Surname 700,F,0.205955
Campus 3,Firstname 251,Surname 251,F,0.206063
Campus 9,Firstname 1560,Surname 1560,F,0.208080
Campus 2,Firstname 140,Surname 140,F,0.208715
Campus 7,Firstname 1111,Surname 1111,M,0.210612
Campus 5,Firstname 874,Surname 874,F,0.211052
Campus 2,Firstname 75,Surname 75,M,0.211501
Campus 4,Firstname 673,Surname 673,F,0.211910
Campus 2,Firstname 102,Surname 102,M,0.212401
Campus 2,Firstname 217,Surname 217,F,0.215265
Campus 7,Firstname 1300,Surname 1300,F,0.215587
Campus 8,Firstname 1374,Surname 1374,F,0.216046
Campus 7,Firstname 1223,Surname 1223,F,0.216158
Campus 7,Firstname 1212,Surname 1212,F,0.216352
Campus 8,Firstname 1421,Surname 1421,F,0.216404
Campus 2,Firstname 98,Surname 98,F,0.216478
Campus 7,Firstname 1089,Surname 1089,F,0.216553
Campus 9,Firstname 1454,Surname 1454,F,0.217229
Campus 6,Firstname 953,Surname 953,F,0.218418
Campus 9,Firstname 1502,Surname 1502,F,0.219430
Campus 4,Firstname 572,Surname 572,F,0.219747
Campus 9,Firstname 1519,Surname 1519,M,0.220678
Campus 6,Firstname 928,Surname 928,M,0.220805
Campus 4,Firstname 632,Surname 632,F,0.221024
Campus 1,Firstname 19,Surname 19,F,0.223216
Campus 8,Firstname 1408,Surname 1408,F,0.224167
Campus 2,Firstname 166,Surname 166,F,0.224579
Campus 4,Firstname 617,Surname 617,F,0.224771
Campus 7,Firstname 1155,Surname 1155,F,0.224994
Campus 8,Firstname 1331,Surname 1331,F,0.225662
Campus 2,Firstname 85,Surname 85,F,0.227525
Campus 5,Firstname 886,Surname 886,F,0.227567
Campus 5,Firstname 838,Surname 838,F,0.228330
Campus 9,Firstname 1485,Surname 1485,F,0.228620
Campus 6,Firstname 973,Surname 973,F,0.228625
Campus 7,Firstname 1293,Surname 1293,F,0.228653
Campus 2,Firstname 42,Surname 42,M,0.228745
Campus 4,Firstname 579,Surname 579,F,0.229464
Campus 7,Firstname 1296,Surname 1296,F,0.230644
Campus 2,Firstname 226,Surname 226,F,0.230814
Campus 4,Firstname 498,Surname 498,F,0.231147
Campus 4,Firstname 395,Surname 395,M,0.231893
Campus 7,Firstname 1075,Surname 1075,F,0.232120
Campus 4,Firstname 610,Surname 610,F,0.232302
Campus 1,Firstname 4,Surname 4,F,0.232763
Campus 2,Firstname 54,Surname 54,F,0.232870
Campus 3,Firstname 362,Surname 362,F,0.233045
Campus 3,Firstname 284,Surname 284,F,0.233148
Campus 4,Firstname 737,Surname 737,F,0.233371
Campus 6,Firstname 920,Surname 920,F,0.233790
Campus 3,Firstname 359,Surname 359,F,0.233905
Campus 9,Firstname 1508,Surname 1508,F,0.233988
Campus 4,Firstname 621,Surname 621,F,0.235297
Campus 5,Firstname 826,Surname 826,F,0.235298
Campus 2,Firstname 107,Surname 107,F,0.236543
Campus 6,Firstname 994,Surname 994,M,0.236548
Campus 4,Firstname 625,Surname 625,F,0.237171
Campus 2,Firstname 117,Surname 117,M,0.237269
Campus 6,Firstname 913,Surname 913,F,0.237572
Campus 4,Firstname 483,Surname 483,F,0.238030
Campus 4,Firstname 771,Surname 771,F,0.238741
Campus 7,Firstname 1167,Surname 1167,F,0.240007
Campus 8,Firstname 1330,Surname 1330,F,0.240038
Campus 1,Firstname 6,Surname 6,M,0.241117
Campus 8,Firstname 1325,Surname 1325,F,0.241127
Campus 2,Firstname 208,Surname 208,F,0.241406
Campus 5,Firstname 852,Surname 852,F,0.241639
Campus 6,Firstname 921,Surname 921,F,0.242118
Campus 2,Firstname 62,Surname 62,M,0.242752
Campus 3,Firstname 338,Surname 338,F,0.243673
Campus 3,Firstname 269,Surname 269,M,0.244122
Campus 9,Firstname 1516,Surname 1516,F,0.244909
Campus 4,Firstname 393,Surname 393,F,0.245644
Campus 8,Firstname 1388,Surname 1388,F,0.246015
Campus 2,Firstname 26,Surname 26,F,0.246173
Campus 6,Firstname 916,Surname 916,F,0.246320
Campus 7,Firstname 1092,Surname 1092,M,0.246360
Campus 4,Firstname 420,Surname 420,F,0.246796
Campus 4,Firstname 668,Surname 668,F,0.246892
Campus 5,Firstname 853,Surname 853,M,0.246959
Campus 5,Firstname 905,Surname 905,F,0.247207
Campus 6,Firstname 1032,Surname 1032,F,0.247918
Campus 8,Firstname 1387,Surname 1387,F,0.249336
Campus 4,Firstname 584,Surname 584,F,0.250321
Campus 7,Firstname 1136,Surname 1136,F,0.251474
Campus 2,Firstname 216,Surname 216,F,0.252586
Campus 4,Firstname 762,Surname 762,F,0.252671
Campus 8,Firstname 1400,Surname 1400,F,0.252694
Campus 7,Firstname 1045,Surname 1045,F,0.253365
Campus 3,Firstname 354,Surname 354,F,0.253690
Campus 2,Firstname 47,Surname 47,M,0.253726
Campus 4,Firstname 402,Surname 402,F,0.254068
Campus 9,Firstname 1438,Surname 1438,F,0.254115
Campus 4,Firstname 807,Surname 807,F,0.254564
Campus 2,Firstname 84,Surname 84,M,0.258145
Campus 2,Firstname 223,Surname 223,M,0.258240
Campus 7,Firstname 1202,Surname 1202,F,0.258569
Campus 1,Firstname 8,Surname 8,F,0.259883
Campus 4,Firstname 813,Surname 813,F,0.260114
Campus 7,Firstname 1095,Surname 1095,F,0.260164
Campus 4,Firstname 715,Surname 715,F,0.261373
Campus 2,Firstname 27,Surname 27,M,0.262197
Campus 6,Firstname 996,Surname 996,M,0.262672
Campus 4,Firstname 728,Surname 728,F,0.262872
Campus 7,Firstname 1091,Surname 1091,M,0.263636
Campus 1,Firstname 13,Surname 13,F,0.264036
Campus 4,Firstname 457,Surname 457,F,0.265262
Campus 4,Firstname 786,Surname 786,F,0.265345
Campus 2,Firstname 239,Surname 239,F,0.265659
Campus 7,Firstname 1227,Surname 1227,F,0.266201
Campus 8,Firstname 1305,Surname 1305,F,0.266833
Campus 7,Firstname 1059,Surname 1059,F,0.267893
Campus 6,Firstname 910,Surname 910,F,0.268523
Campus 4,Firstname 733,Surname 733,F,0.268986
Campus 2,Firstname 214,Surname 214,F,0.269076
Campus 9,Firstname 1534,Surname 1534,F,0.269216
Campus 2,Firstname 183,Surname 183,F,0.270121
Campus 9,Firstname 1495,Surname 1495,F,0.270331
Campus 2,Firstname 33,Surname 33,F,0.270936
Campus 9,Firstname 1453,Surname 1453,M,0.271410
Campus 7,Firstname 1186,Surname 1186,F,0.271781
Campus 2,Firstname 79,Surname 79,F,0.272539
Campus 6,Firstname 939,Surname 939,F,0.272752
Campus 9,Firstname 1473,Surname 1473,F,0.273296
Campus 7,Firstname 1246,Surname 1246,F,0.273588
Campus 7,Firstname 1278,Surname 1278,F,0.274152
Campus 4,Firstname 658,Surname 658,F,0.274174
Campus 9,Firstname 1514,Surname 1514,F,0.274965
Campus 9,Firstname 1521,Surname 1521,F,0.275883
Campus 2,Firstname 65,Surname 65,F,0.275948
Campus 4,Firstname 559,Surname 559,M,0.277147
Campus 4,Firstname 732,Surname 732,F,0.278224
Campus 3,Firstname 321,Surname 321,F,0.279090
Campus 7,Firstname 1284,Surname 1284,F,0.279246
Campus 9,Firstname 1468,Surname 1468,M,0.279334
Campus 9,Firstname 1558,Surname 1558,F,0.279620
Campus 6,Firstname 993,Surname 993,F,0.279625
Campus 8,Firstname 1341,Surname 1341,F,0.281242
Campus 4,Firstname 506,Surname 506,M,0.282132
Campus 9,Firstname 1483,Surname 1483,M,0.282337
Campus 2,Firstname 129,Surname 129,F,0.282391
Campus 4,Firstname 659,Surname 659,F,0.283409
Campus 7,Firstname 1188,Surname 1188,F,0.284707
Campus 4,Firstname 517,Surname 517,F,0.285004
Campus 1,Firstname 17,Surname 17,M,0.286034
Campus 6,Firstname 976,Surname 976,F,0.286121
Campus 1,Firstname 18,Surname 18,F,0.286533
Campus 4,Firstname 730,Surname 730,F,0.286675
Campus 4,Firstname 434,Surname 434,F,0.287592
Campus 2,Firstname 48,Surname 48,F,0.288206
Campus 4,Firstname 775,Surname 775,F,0.288728
Campus 8,Firstname 1414,Surname 1414,F,0.288737
Campus 8,Firstname 1425,Surname 1425,F,0.290080
Campus 7,Firstname 1036,Surname 1036,F,0.290579
Campus 6,Firstname 926,Surname 926,F,0.290832
Campus 9,Firstname 1499,Surname 1499,M,0.290986
Campus 4,Firstname 549,Surname 549,M,0.291877
Campus 4,Firstname 524,Surname 524,F,0.292261
Campus 4,Firstname 633,Surname 633,F,0.292416
Campus 5,Firstname 872,Surname 872,F,0.293333
Campus 5,Firstname 857,Surname 857,F,0.293493
Campus 3,Firstname 264,Surname 264,F,0.293843
Campus 2,Firstname 186,Surname 186,F,0.295025
Campus 5,Firstname 883,Surname 883,F,0.295488
Campus 6,Firstname 1020,Surname 1020,F,0.296406
Campus 4,Firstname 799,Surname 799,F,0.297294
Campus 3,Firstname 365,Surname 365,F,0.297960
Campus 4,Firstname 473,Surname 473,M,0.298602
Campus 4,Firstname 521,Surname 521,F,0.299115
Campus 4,Firstname 474,Surname 474,F,0.300204
Campus 7,Firstname 1268,Surname 1268,F,0.300421
Campus 4,Firstname 390,Surname 390,F,0.301208
Campus 4,Firstname 657,Surname 657,F,0.302116
Campus 4,Firstname 398,Surname 398,F,0.303804
Campus 4,Firstname 462,Surname 462,F,0.303932
Campus 4,Firstname 683,Surname 683,F,0.304613
Campus 4,Firstname 495,Surname 495,F,0.304847
Campus 4,Firstname 635,Surname 635,F,0.305391
Campus 9,Firstname 1515,Surname 1515,F,0.306975
Campus 4,Firstname 629,Surname 629,F,0.306992
Campus 5,Firstname 858,Surname 858,M,0.307415
Campus 8,Firstname 1354,Surname 1354,M,0.307479
Campus 5,Firstname 899,Surname 899,F,0.307793
Campus 5,Firstname 837,Surname 837,M,0.308199
Campus 8,Firstname 1370,Surname 1370,F,0.308263
Campus 8,Firstname 1403,Surname 1403,F,0.308762
Campus 2,Firstname 137,Surname 137,F,0.309168
Campus 1,Firstname 14,Surname 14,F,0.309960
Campus 3,Firstname 318,Surname 318,F,0.310120
Campus 9,Firstname 1510,Surname 1510,F,0.310131
Campus 9,Firstname 1540,Surname 1540,F,0.313475
Campus 7,Firstname 1131,Surname 1131,F,0.313967
Campus 4,Firstname 608,Surname 608,F,0.314651
Campus 7,Firstname 1113,Surname 1113,F,0.314964
Campus 5,Firstname 833,Surname 833,M,0.315333
Campus 2,Firstname 114,Surname 114,M,0.315650
Campus 3,Firstname 268,Surname 268,F,0.316632
Campus 4,Firstname 424,Surname 424,M,0.317121
Campus 2,Firstname 176,Surname 176,F,0.318228
Campus 8,Firstname 1401,Surname 1401,F,0.318837
Campus 7,Firstname 1151,Surname 1151,F,0.320720
Campus 2,Firstname 185,Surname 185,F,0.321118
Campus 3,Firstname 350,Surname 350,F,0.321459
Campus 6,Firstname 1023,Surname 1023,F,0.322171
Campus 1,Firstname 11,Surname 11,F,0.322672
Campus 2,Firstname 184,Surname 184,F,0.323027
Campus 2,Firstname 89,Surname 89,F,0.323168
Campus 4,Firstname 514,Surname 514,F,0.323637
Campus 5,Firstname 908,Surname 908,F,0.325533
Campus 4,Firstname 577,Surname 577,F,0.327219
Campus 4,Firstname 645,Surname 645,F,0.329552
Campus 7,Firstname 1224,Surname 1224,F,0.330018
Campus 8,Firstname 1419,Surname 1419,F,0.330397
Campus 2,Firstname 135,Surname 135,F,0.330427
Campus 4,Firstname 663,Surname 663,F,0.330816
Campus 4,Firstname 512,Surname 512,M,0.332617
Campus 7,Firstname 1115,Surname 1115,F,0.333285
Campus 6,Firstname 979,Surname 979,F,0.333704
Campus 4,Firstname 575,Surname 575,F,0.335118
Campus 8,Firstname 1308,Surname 1308,F,0.335471
Campus 4,Firstname 611,Surname 611,F,0.337147
Campus 7,Firstname 1060,Surname 1060,F,0.338185
Campus 9,Firstname 1511,Surname 1511,F,0.338189
Campus 2,Firstname 182,Surname 182,F,0.338577
Campus 7,Firstname 1121,Surname 1121,F,0.338773
Campus 4,Firstname 711,Surname 711,F,0.339469
Campus 8,Firstname 1355,Surname 1355,M,0.339919
Campus 7,Firstname 1149,Surname 1149,F,0.340484
Campus 4,Firstname 557,Surname 557,M,0.340791
Campus 4,Firstname 731,Surname 731,F,0.343576
Campus 6,Firstname 964,Surname 964,F,0.344769
Campus 4,Firstname 618,Surname 618,M,0.345090
Campus 4,Firstname 634,Surname 634,F,0.345823
Campus 2,Firstname 40,Surname 40,F,0.346594
Campus 8,Firstname 1402,Surname 1402,F,0.346867
Campus 8,Firstname 1424,Surname 1424,F,0.348506
Campus 7,Firstname 1141,Surname 1141,F,0.349045
Campus 5,Firstname 861,Surname 861,F,0.350138
Campus 4,Firstname 686,Surname 686,F,0.350914
Campus 5,Firstname 817,Surname 817,F,0.351068
Campus 6,Firstname 1025,Surname 1025,F,0.352419
Campus 4,Firstname 795,Surname 795,F,0.353458
Campus 2,Firstname 222,Surname 222,F,0.355122
Campus 6,Firstname 936,Surname 936,M,0.355486
Campus 7,Firstname 1210,Surname 1210,F,0.355761
Campus 4,Firstname 765,Surname 765,F,0.355871
Campus 4,Firstname 561,Surname 561,M,0.356446
Campus 4,Firstname 646,Surname 646,F,0.356690
Campus 5,Firstname 847,Surname 847,F,0.356838
Campus 4,Firstname 417,Surname 417,M,0.356889
Campus 4,Firstname 809,Surname 809,F,0.358706
Campus 8,Firstname 1318,Surname 1318,F,0.359125
Campus 3,Firstname 358,Surname 358,F,0.359737
Campus 7,Firstname 1301,Surname 1301,F,0.359915
Campus 4,Firstname 744,Surname 744,F,0.360557
Campus 5,Firstname 835,Surname 835,M,0.360798
Campus 4,Firstname 812,Surname 812,F,0.361450
Campus 7,Firstname 1063,Surname 1063,F,0.362834
Campus 4,Firstname 682,Surname 682,F,0.363355
Campus 5,Firstname 850,Surname 850,F,0.363390
Campus 7,Firstname 1086,Surname 1086,F,0.363473
Campus 6,Firstname 911,Surname 911,F,0.363688
Campus 2,Firstname 173,Surname 173,F,0.363885
Campus 4,Firstname 436,Surname 436,F,0.365502
Campus 7,Firstname 1118,Surname 1118,F,0.365591
Campus 7,Firstname 1177,Surname 1177,F,0.365890
Campus 7,Firstname 1290,Surname 1290,F,0.366015
Campus 4,Firstname 595,Surname 595,M,0.366477
Campus 9,Firstname 1552,Surname 1552,F,0.366596
Campus 5,Firstname 821,Surname 821,M,0.367501
Campus 7,Firstname 1160,Surname 1160,M,0.369355
Campus 4,Firstname 418,Surname 418,M,0.371900
Campus 7,Firstname 1090,Surname 1090,F,0.371993
Campus 6,Firstname 984,Surname 984,F,0.372303
Campus 7,Firstname 1234,Surname 1234,F,0.372320
Campus 7,Firstname 1294,Surname 1294,F,0.374666
Campus 6,Firstname 1016,Surname 1016,F,0.374876
Campus 3,Firstname 363,Surname 363,F,0.375435
Campus 4,Firstname 619,Surname 619,F,0.375651
Campus 7,Firstname 1127,Surname 1127,M,0.376466
Campus 9,Firstname 1548,Surname 1548,F,0.377456
Campus 6,Firstname 915,Surname 915,F,0.378020
Campus 2,Firstname 231,Surname 231,F,0.378854
Campus 4,Firstname 581,Surname 581,F,0.378905
Campus 4,Firstname 444,Surname 444,F,0.379314
Campus 7,Firstname 1231,Surname 1231,F,0.381054
Campus 5,Firstname 843,Surname 843,F,0.382502
Campus 7,Firstname 1100,Surname 1100,F,0.382629
Campus 4,Firstname 758,Surname 758,F,0.383150
Campus 8,Firstname 1358,Surname 1358,M,0.383567
Campus 3,Firstname 340,Surname 340,F,0.383690
Campus 2,Firstname 71,Surname 71,M,0.386620
Campus 2,Firstname 211,Surname 211,F,0.387494
Campus 2,Firstname 97,Surname 97,F,0.387818
Campus 3,Firstname 293,Surname 293,M,0.387983
Campus 9,Firstname 1551,Surname 1551,F,0.390709
Campus 6,Firstname 1011,Surname 1011,F,0.391109
Campus 7,Firstname 1052,Surname 1052,F,0.392900
Campus 6,Firstname 924,Surname 924,F,0.393466
Campus 7,Firstname 1192,Surname 1192,F,0.394091
Campus 5,Firstname 907,Surname 907,F,0.395111
Campus 7,Firstname 1220,Surname 1220,F,0.395136
Campus 6,Firstname 1028,Surname 1028,F,0.395859
Campus 2,Firstname 205,Surname 205,F,0.400950
Campus 7,Firstname 1054,Surname 1054,M,0.401406
Campus 5,Firstname 879,Surname 879,M,0.402056
Campus 2,Firstname 124,Surname 124,F,0.406410
Campus 4,Firstname 568,Surname 568,F,0.406718
Campus 4,Firstname 802,Surname 802,F,0.407404
Campus 4,Firstname 796,Surname 796,F,0.408117
Campus 7,Firstname 1196,Surname 1196,F,0.408165
Campus 2,Firstname 195,Surname 195,F,0.410943
Campus 7,Firstname 1221,Surname 1221,F,0.411249
Campus 3,Firstname 302,Surname 302,F,0.411924
Campus 2,Firstname 50,Surname 50,F,0.412657
Campus 3,Firstname 317,Surname 317,F,0.413760
Campus 2,Firstname 244,Surname 244,F,0.414698
Campus 1,Firstname 21,Surname 21,M,0.415009
Campus 5,Firstname 885,Surname 885,F,0.415107
Campus 2,Firstname 159,Surname 159,F,0.415206
Campus 7,Firstname 1244,Surname 1244,F,0.415415
Campus 2,Firstname 59,Surname 59,F,0.415880
Campus 4,Firstname 563,Surname 563,M,0.416262
Campus 4,Firstname 772,Surname 772,F,0.416572
Campus 4,Firstname 379,Surname 379,F,0.418657
Campus 8,Firstname 1409,Surname 1409,F,0.418697
Campus 7,Firstname 1255,Surname 1255,F,0.418783
Campus 7,Firstname 1147,Surname 1147,M,0.418802
Campus 6,Firstname 1014,Surname 1014,F,0.419967
Campus 9,Firstname 1513,Surname 1513,F,0.420700
Campus 9,Firstname 1505,Surname 1505,F,0.420772
Campus 6,Firstname 942,Surname 942,F,0.422836
Campus 4,Firstname 527,Surname 527,F,0.423879
Campus 2,Firstname 63,Surname 63,F,0.424145
Campus 4,Firstname 696,Surname 696,F,0.424157
Campus 8,Firstname 1317,Surname 1317,M,0.425902
Campus 4,Firstname 408,Surname 408,M,0.426491
Campus 3,Firstname 336,Surname 336,F,0.426806
Campus 5,Firstname 893,Surname 893,F,0.426956
Campus 4,Firstname 580,Surname 580,F,0.426972
Campus 6,Firstname 917,Surname 917,M,0.428548
Campus 8,Firstname 1356,Surname 1356,F,0.428870
Campus 2,Firstname 150,Surname 150,F,0.429151
Campus 3,Firstname 356,Surname 356,F,0.429245
Campus 7,Firstname 1170,Surname 1170,F,0.430479
Campus 3,Firstname 320,Surname 320,F,0.430525
Campus 4,Firstname 558,Surname 558,F,0.432739
Campus 7,Firstname 1297,Surname 1297,F,0.434589
Campus 4,Firstname 381,Surname 381,F,0.435484
Campus 4,Firstname 456,Surname 456,F,0.435871
Campus 7,Firstname 1289,Surname 1289,F,0.436203
Campus 8,Firstname 1332,Surname 1332,F,0.436259
Campus 4,Firstname 546,Surname 546,M,0.436340
Campus 2,Firstname 163,Surname 163,F,0.436444
Campus 2,Firstname 25,Surname 25,F,0.436722
Campus 7,Firstname 1205,Surname 1205,F,0.436798
Campus 2,Firstname 201,Surname 201,F,0.437276
Campus 2,Firstname 66,Surname 66,F,0.437459
Campus 2,Firstname 145,Surname 145,F,0.437622
Campus 3,Firstname 300,Surname 300,M,0.438322
Campus 4,Firstname 803,Surname 803,F,0.439740
Campus 2,Firstname 134,Surname 134,F,0.440239
Campus 7,Firstname 1271,Surname 1271,F,0.440778
Campus 7,Firstname 1240,Surname 1240,F,0.443075
Campus 4,Firstname 582,Surname 582,M,0.444350
Campus 9,Firstname 1478,Surname 1478,F,0.445401
Campus 2,Firstname 143,Surname 143,F,0.445828
Campus 7,Firstname 1039,Surname 1039,F,0.445990
Campus 8,Firstname 1348,Surname 1348,F,0.446938
Campus 3,Firstname 297,Surname 297,M,0.447866
Campus 4,Firstname 494,Surname 494,F,0.448491
Campus 3,Firstname 331,Surname 331,F,0.448518
Campus 4,Firstname 475,Surname 475,F,0.448754
Campus 3,Firstname 260,Surname 260,F,0.448954
Campus 2,Firstname 207,Surname 207,F,0.449041
Campus 4,Firstname 602,Surname 602,F,0.450024
Campus 9,Firstname 1447,Surname 1447,F,0.450465
Campus 2,Firstname 83,Surname 83,M,0.450776
Campus 7,Firstname 1153,Surname 1153,F,0.451124
Campus 7,Firstname 1112,Surname 1112,F,0.451406
Campus 4,Firstname 752,Surname 752,F,0.452840
Campus 3,Firstname 332,Surname 332,F,0.453980
Campus 4,Firstname 477,Surname 477,F,0.454357
Campus 8,Firstname 1412,Surname 1412,F,0.455321
Campus 7,Firstname 1135,Surname 1135,M,0.455323
Campus 7,Firstname 1194,Surname 1194,F,0.455370
Campus 2,Firstname 170,Surname 170,F,0.455503
Campus 2,Firstname 151,Surname 151,F,0.455996
Campus 4,Firstname 537,Surname 537,M,0.456374
Campus 9,Firstname 1474,Surname 1474,F,0.457130
Campus 4,Firstname 472,Surname 472,F,0.457639
Campus 4,Firstname 685,Surname 685,F,0.457711
Campus 2,Firstname 228,Surname 228,F,0.458670
Campus 4,Firstname 542,Surname 542,M,0.460192
Campus 4,Firstname 400,Surname 400,M,0.460298
Campus 9,Firstname 1490,Surname 1490,M,0.462311
Campus 4,Firstname 698,Surname 698,F,0.464142
Campus 7,Firstname 1190,Surname 1190,F,0.464676
Campus 6,Firstname 977,Surname 977,F,0.464754
Campus 6,Firstname 969,Surname 969,M,0.465599
Campus 4,Firstname 599,Surname 599,M,0.466715
Campus 4,Firstname 751,Surname 751,F,0.466962
Campus 4,Firstname 756,Surname 756,F,0.467424
Campus 8,Firstname 1311,Surname 1311,F,0.469174
Campus 3,Firstname 361,Surname 361,F,0.469325
Campus 3,Firstname 286,Surname 286,F,0.469686
Campus 2,Firstname 88,Surname 88,F,0.470430
Campus 2,Firstname 72,Surname 72,F,0.470494
Campus 1,Firstname 22,Surname 22,M,0.471871
Campus 8,Firstname 1382,Surname 1382,F,0.472850
Campus 2,Firstname 41,Surname 41,F,0.473513
Campus 4,Firstname 753,Surname 753,F,0.474236
Campus 8,Firstname 1399,Surname 1399,F,0.475221
Campus 6,Firstname 1015,Surname 1015,F,0.476713
Campus 5,Firstname 819,Surname 819,F,0.477002
Campus 9,Firstname 1507,Surname 1507,F,0.478571
Campus 4,Firstname 545,Surname 545,M,0.480858
Campus 8,Firstname 1309,Surname 1309,F,0.481400
Campus 5,Firstname 822,Surname 822,F,0.481490
Campus 4,Firstname 507,Surname 507,M,0.482707
Campus 5,Firstname 844,Surname 844,F,0.482836
Campus 4,Firstname 553,Surname 553,F,0.483497
Campus 6,Firstname 1030,Surname 1030,F,0.483769
Campus 3,Firstname 266,Surname 266,F,0.483951
Campus 8,Firstname 1384,Surname 1384,F,0.484094
Campus 4,Firstname 556,Surname 556,M,0.486623
Campus 4,Firstname 525,Surname 525,M,0.486656
Campus 4,Firstname 707,Surname 707,F,0.486786
Campus 4,Firstname 650,Surname 650,F,0.487700
Campus 3,Firstname 262,Surname 262,F,0.488212
Campus 2,Firstname 34,Surname 34,F,0.488869
Campus 3,Firstname 254,Surname 254,F,0.489109
Campus 6,Firstname 943,Surname 943,M,0.490598
Campus 9,Firstname 1450,Surname 1450,F,0.490699
Campus 6,Firstname 946,Surname 946,F,0.491573
Campus 7,Firstname 1197,Surname 1197,F,0.491924
Campus 2,Firstname 233,Surname 233,F,0.493331
Campus 8,Firstname 1389,Surname 1389,F,0.493600
Campus 6,Firstname 919,Surname 919,F,0.493956
Campus 6,Firstname 1022,Surname 1022,F,0.494301
Campus 5,Firstname 842,Surname 842,M,0.494513
Campus 4,Firstname 622,Surname 622,F,0.494697
Campus 5,Firstname 863,Surname 863,M,0.494759
Campus 5,Firstname 873,Surname 873,M,0.495325
Campus 4,Firstname 626,Surname 626,F,0.495944
Campus 4,Firstname 719,Surname 719,F,0.496349
Campus 7,Firstname 1049,Surname 1049,F,0.497788
Campus 4,Firstname 377,Surname 377,M,0.498137
Campus 7,Firstname 1267,Surname 1267,F,0.498285
Campus 9,Firstname 1523,Surname 1523,F,0.498499
Campus 2,Firstname 155,Surname 155,F,0.499022
Campus 9,Firstname 1493,Surname 1493,F,0.499044
Campus 9,Firstname 1533,Surname 1533,F,0.499079
Campus 6,Firstname 1005,Surname 1005,F,0.499556
Campus 4,Firstname 808,Surname 808,F,0.499958
Campus 7,Firstname 1105,Surname 1105,F,0.502015
Campus 8,Firstname 1415,Surname 1415,F,0.503881
Campus 4,Firstname 492,Surname 492,F,0.504122
Campus 3,Firstname 246,Surname 246,F,0.505103
Campus 7,Firstname 1222,Surname 1222,F,0.505407
Campus 7,Firstname 1204,Surname 1204,F,0.507284
Campus 7,Firstname 1069,Surname 1069,F,0.507418
Campus 6,Firstname 937,Surname 937,F,0.508543
Campus 5,Firstname 828,Surname 828,F,0.509588
Campus 8,Firstname 1353,Surname 1353,F,0.509990
Campus 8,Firstname 1426,Surname 1426,F,0.510113
Campus 3,Firstname 245,Surname 245,F,0.510412
Campus 9,Firstname 1442,Surname 1442,M,0.512356
Campus 7,Firstname 1237,Surname 1237,F,0.513142
Campus 2,Firstname 133,Surname 133,F,0.513195
Campus 4,Firstname 805,Surname 805,F,0.513735
Campus 4,Firstname 489,Surname 489,F,0.514042
Campus 4,Firstname 413,Surname 413,M,0.514370
Campus 9,Firstname 1503,Surname 1503,F,0.514611
Campus 2,Firstname 165,Surname 165,F,0.515195
Campus 7,Firstname 1201,Surname 1201,F,0.515567
Campus 7,Firstname 1165,Surname 1165,F,0.516452
Campus 2,Firstname 153,Surname 153,F,0.516611
Campus 7,Firstname 1174,Surname 1174,F,0.518248
Campus 2,Firstname 118,Surname 118,M,0.518719
Campus 3,Firstname 314,Surname 314,F,0.519007
Campus 5,Firstname 887,Surname 887,F,0.519174
Campus 7,Firstname 1218,Surname 1218,F,0.520019
Campus 9,Firstname 1435,Surname 1435,F,0.520408
Campus 4,Firstname 531,Surname 531,F,0.520892
Campus 4,Firstname 522,Surname 522,F,0.521787
Campus 3,Firstname 311,Surname 311,F,0.522294
Campus 3,Firstname 299,Surname 299,M,0.522536
Campus 4,Firstname 675,Surname 675,F,0.523124
Campus 2,Firstname 209,Surname 209,F,0.523352
Campus 4,Firstname 612,Surname 612,F,0.524416
Campus 9,Firstname 1466,Surname 1466,F,0.524508
Campus 2,Firstname 162,Surname 162,F,0.528052
Campus 9,Firstname 1559,Surname 1559,F,0.528069
Campus 3,Firstname 344,Surname 344,F,0.529047
Campus 4,Firstname 459,Surname 459,F,0.529318
Campus 2,Firstname 126,Surname 126,F,0.529808
Campus 5,Firstname 845,Surname 845,M,0.531472
Campus 8,Firstname 1391,Surname 1391,F,0.531547
Campus 4,Firstname 693,Surname 693,F,0.531839
Campus 7,Firstname 1145,Surname 1145,F,0.532866
Campus 2,Firstname 154,Surname 154,F,0.533300
Campus 8,Firstname 1364,Surname 1364,F,0.534150
Campus 4,Firstname 480,Surname 480,F,0.535542
Campus 2,Firstname 160,Surname 160,F,0.536890
Campus 8,Firstname 1329,Surname 1329,F,0.538231
Campus 4,Firstname 555,Surname 555,M,0.538384
Campus 4,Firstname 695,Surname 695,F,0.538539
Campus 4,Firstname 422,Surname 422,M,0.539496
Campus 4,Firstname 535,Surname 535,F,0.539751
Campus 4,Firstname 449,Surname 449,F,0.540300
Campus 5,Firstname 851,Surname 851,F,0.540399
Campus 3,Firstname 258,Surname 258,F,0.540629
Campus 7,Firstname 1062,Surname 1062,F,0.541743
Campus 2,Firstname 43,Surname 43,M,0.542670
Campus 4,Firstname 773,Surname 773,F,0.543319
Campus 2,Firstname 94,Surname 94,,0.543571
Campus 2,Firstname 220,Surname 220,F,0.543649
Campus 6,Firstname 1021,Surname 1021,F,0.543929
Campus 4,Firstname 425,Surname 425,M,0.544022
Campus 4,Firstname 722,Surname 722,F,0.544694
Campus 1,Firstname 10,Surname 10,F,0.544889
Campus 3,Firstname 334,Surname 334,F,0.544898
Campus 4,Firstname 446,Surname 446,F,0.544960
Campus 4,Firstname 664,Surname 664,F,0.545097
Campus 4,Firstname 697,Surname 697,F,0.546412
Campus 4,Firstname 804,Surname 804,F,0.546626
Campus 4,Firstname 603,Surname 603,F,0.546880
Campus 4,Firstname 373,Surname 373,F,0.547429
Campus 4,Firstname 516,Surname 516,F,0.547768
Campus 8,Firstname 1362,Surname 1362,F,0.548443
Campus 9,Firstname 1461,Surname 1461,F,0.548666
Campus 4,Firstname 690,Surname 690,F,0.549762
Campus 7,Firstname 1264,Surname 1264,F,0.550045
Campus 4,Firstname 764,Surname 764,F,0.550399
Campus 4,Firstname 714,Surname 714,F,0.550749
Campus 7,Firstname 1056,Surname 1056,M,0.551643
Campus 4,Firstname 388,Surname 388,M,0.554130
Campus 8,Firstname 1342,Surname 1342,F,0.554294
Campus 5,Firstname 830,Surname 830,F,0.555258
Campus 4,Firstname 734,Surname 734,M,0.555415
Campus 4,Firstname 487,Surname 487,F,0.556759
Campus 7,Firstname 1037,Surname 1037,F,0.556825
Campus 9,Firstname 1491,Surname 1491,F,0.557724
Campus 4,Firstname 679,Surname 679,F,0.558905
Campus 6,Firstname 1006,Surname 1006,F,0.559565
Campus 7,Firstname 1187,Surname 1187,F,0.560314
Campus 7,Firstname 1291,Surname 1291,F,0.562389
Campus 5,Firstname 848,Surname 848,F,0.562404
Campus 5,Firstname 824,Surname 824,M,0.563424
Campus 2,Firstname 168,Surname 168,F,0.563624
Campus 2,Firstname 30,Surname 30,F,0.563844
Campus 9,Firstname 1509,Surname 1509,F,0.565728
Campus 6,Firstname 965,Surname 965,F,0.565922
Campus 4,Firstname 810,Surname 810,F,0.567171
Campus 6,Firstname 1010,Surname 1010,F,0.568469
Campus 4,Firstname 497,Surname 497,M,0.569024
Campus 6,Firstname 912,Surname 912,F,0.569427
Campus 4,Firstname 740,Surname 740,F,0.569585
Campus 3,Firstname 308,Surname 308,F,0.569866
Campus 2,Firstname 200,Surname 200,F,0.569873
Campus 3,Firstname 326,Surname 326,F,0.570183
Campus 4,Firstname 651,Surname 651,F,0.570803
Campus 9,Firstname 1469,Surname 1469,F,0.571444
Campus 3,Firstname 319,Surname 319,F,0.571826
Campus 2,Firstname 212,Surname 212,F,0.572616
Campus 5,Firstname 906,Surname 906,F,0.572633
Campus 7,Firstname 1232,Surname 1232,F,0.573164
Campus 2,Firstname 52,Surname 52,M,0.573240
Campus 2,Firstname 70,Surname 70,M,0.573319
Campus 8,Firstname 1394,Surname 1394,F,0.573549
Campus 7,Firstname 1265,Surname 1265,F,0.574270
Campus 2,Firstname 53,Surname 53,F,0.575134
Campus 7,Firstname 1157,Surname 1157,M,0.576059
Campus 2,Firstname 78,Surname 78,F,0.577881
Campus 4,Firstname 416,Surname 416,F,0.577892
Campus 4,Firstname 442,Surname 442,M,0.578108
Campus 4,Firstname 620,Surname 620,F,0.579115
Campus 7,Firstname 1138,Surname 1138,M,0.579331
Campus 8,Firstname 1377,Surname 1377,F,0.579455
Campus 6,Firstname 1019,Surname 1019,F,0.579645
Campus 2,Firstname 225,Surname 225,F,0.579755
Campus 7,Firstname 1142,Surname 1142,F,0.580013
Campus 6,Firstname 956,Surname 956,M,0.580617
Campus 7,Firstname 1104,Surname 1104,F,0.580788
Campus 4,Firstname 724,Surname 724,F,0.580791
Campus 2,Firstname 139,Surname 139,F,0.580918
Campus 8,Firstname 1379,Surname 1379,F,0.581431
Campus 5,Firstname 891,Surname 891,F,0.582913
Campus 4,Firstname 567,Surname 567,F,0.583462
Campus 7,Firstname 1068,Surname 1068,F,0.583471
Campus 2,Firstname 164,Surname 164,F,0.584007
Campus 6,Firstname 997,Surname 997,F,0.584060
Campus 3,Firstname 295,Surname 295,F,0.584516
Campus 6,Firstname 986,Surname 986,F,0.584698
Campus 4,Firstname 681,Surname 681,M,0.584772
Campus 2,Firstname 103,Surname 103,F,0.586168
Campus 3,Firstname 348,Surname 348,F,0.587201
Campus 7,Firstname 1158,Surname 1158,F,0.587477
Campus 7,Firstname 1166,Surname 1166,F,0.588915
Campus 7,Firstname 1103,Surname 1103,F,0.589492
Campus 3,Firstname 353,Surname 353,F,0.589566
Campus 2,Firstname 142,Surname 142,F,0.589575
Campus 7,Firstname 1219,Surname 1219,F,0.589848
Campus 7,Firstname 1171,Surname 1171,F,0.590387
Campus 9,Firstname 1451,Surname 1451,F,0.590524
Campus 7,Firstname 1248,Surname 1248,F,0.590528
Campus 4,Firstname 624,Surname 624,F,0.591216
Campus 7,Firstname 1107,Surname 1107,M,0.591573
Campus 9,Firstname 1535,Surname 1535,F,0.592153
Campus 9,Firstname 1500,Surname 1500,F,0.592423
Campus 5,Firstname 889,Surname 889,F,0.593713
Campus 4,Firstname 566,Surname 566,F,0.594863
Campus 7,Firstname 1038,Surname 1038,F,0.595843
Campus 5,Firstname 880,Surname 880,F,0.595988
Campus 9,Firstname 1446,Surname 1446,F,0.597564
Campus 4,Firstname 371,Surname 371,F,0.597741
Campus 4,Firstname 735,Surname 735,F,0.599423
Campus 8,Firstname 1407,Surname 1407,F,0.599650
Campus 4,Firstname 587,Surname 587,M,0.600375
Campus 3,Firstname 342,Surname 342,F,0.601020
Campus 4,Firstname 791,Surname 791,F,0.601344
Campus 7,Firstname 1041,Surname 1041,F,0.602363
Campus 4,Firstname 548,Surname 548,M,0.604034
Campus 4,Firstname 502,Surname 502,F,0.604331
Campus 2,Firstname 110,Surname 110,M,0.605131
Campus 9,Firstname 1445,Surname 1445,F,0.606039
Campus 3,Firstname 261,Surname 261,F,0.606040
Campus 2,Firstname 113,Surname 113,M,0.606662
Campus 4,Firstname 716,Surname 716,F,0.607521
Campus 2,Firstname 161,Surname 161,F,0.607699
Campus 6,Firstname 978,Surname 978,F,0.607801
Campus 5,Firstname 829,Surname 829,F,0.607954
Campus 4,Firstname 694,Surname 694,F,0.608048
Campus 4,Firstname 485,Surname 485,M,0.608708
Campus 3,Firstname 306,Surname 306,F,0.608931
Campus 2,Firstname 136,Surname 136,F,0.609072
Campus 9,Firstname 1477,Surname 1477,F,0.609606
Campus 8,Firstname 1368,Surname 1368,F,0.609628
Campus 2,Firstname 181,Surname 181,F,0.609684
Campus 4,Firstname 748,Surname 748,F,0.609956
Campus 7,Firstname 1280,Surname 1280,F,0.610124
Campus 3,Firstname 315,Surname 315,F,0.612411
Campus 7,Firstname 1229,Surname 1229,F,0.613341
Campus 4,Firstname 708,Surname 708,F,0.613866
Campus 7,Firstname 1179,Surname 1179,F,0.614484
Campus 3,Firstname 288,Surname 288,F,0.614486
Campus 5,Firstname 840,Surname 840,F,0.614726
Campus 6,Firstname 918,Surname 918,F,0.615402
Campus 4,Firstname 648,Surname 648,F,0.615445
Campus 2,Firstname 80,Surname 80,M,0.617376
Campus 4,Firstname 478,Surname 478,M,0.617482
Campus 1,Firstname 7,Surname 7,F,0.618136
Campus 3,Firstname 265,Surname 265,F,0.618745
Campus 4,Firstname 491,Surname 491,F,0.618915
Campus 7,Firstname 1261,Surname 1261,F,0.619883
Campus 5,Firstname 865,Surname 865,F,0.621219
Campus 3,Firstname 257,Surname 257,F,0.622761
Campus 8,Firstname 1351,Surname 1351,M,0.623034
Campus 2,Firstname 199,Surname 199,F,0.623344
Campus 2,Firstname 76,Surname 76,M,0.623426
Campus 4,Firstname 713,Surname 713,F,0.623994
Campus 7,Firstname 1180,Surname 1180,F,0.624701
Campus 8,Firstname 1405,Surname 1405,F,0.625282
Campus 5,Firstname 836,Surname 836,F,0.625338
Campus 4,Firstname 389,Surname 389,F,0.626260
Campus 8,Firstname 1398,Surname 1398,F,0.626428
Campus 4,Firstname 533,Surname 533,F,0.626630
Campus 4,Firstname 741,Surname 741,F,0.626711
Campus 3,Firstname 270,Surname 270,F,0.626920
Campus 2,Firstname 90,Surname 90,F,0.627074
Campus 4,Firstname 631,Surname 631,F,0.627721
Campus 5,Firstname 868,Surname 868,M,0.628225
Campus 2,Firstname 36,Surname 36,F,0.630344
Campus 4,Firstname 454,Surname 454,M,0.630801
Campus 9,Firstname 1517,Surname 1517,F,0.631078
Campus 9,Firstname 1472,Surname 1472,F,0.631315
Campus 4,Firstname 532,Surname 532,M,0.631417
Campus 4,Firstname 776,Surname 776,F,0.631695
Campus 6,Firstname 966,Surname 966,F,0.632669
Campus 3,Firstname 335,Surname 335,F,0.633764
Campus 6,Firstname 999,Surname 999,F,0.633997
Campus 7,Firstname 1269,Surname 1269,F,0.636051
Campus 7,Firstname 1233,Surname 1233,F,0.636062
Campus 4,Firstname 755,Surname 755,F,0.636835
Campus 9,Firstname 1554,Surname 1554,F,0.637903
Campus 2,Firstname 232,Surname 232,M,0.638744
Campus 3,Firstname 249,Surname 249,F,0.638793
Campus 4,Firstname 445,Surname 445,F,0.640574
Campus 2,Firstname 81,Surname 81,F,0.640964
Campus 4,Firstname 784,Surname 784,F,0.641328
Campus 4,Firstname 496,Surname 496,F,0.641926
Campus 4,Firstname 573,Surname 573,M,0.643952
Campus 2,Firstname 128,Surname 128,F,0.644078
Campus 8,Firstname 1395,Surname 1395,F,0.644873
Campus 7,Firstname 1302,Surname 1302,F,0.645050
Campus 4,Firstname 676,Surname 676,F,0.645275
Campus 8,Firstname 1416,Surname 1416,F,0.645567
Campus 2,Firstname 37,Surname 37,F,0.646071
Campus 8,Firstname 1372,Surname 1372,F,0.646683
Campus 4,Firstname 415,Surname 415,M,0.647236
Campus 5,Firstname 869,Surname 869,F,0.647285
Campus 9,Firstname 1476,Surname 1476,F,0.648430
Campus 7,Firstname 1253,Surname 1253,F,0.648456
Campus 6,Firstname 983,Surname 983,F,0.648769
Campus 2,Firstname 146,Surname 146,F,0.648911
Campus 4,Firstname 709,Surname 709,F,0.650065
Campus 4,Firstname 414,Surname 414,F,0.650475
Campus 5,Firstname 882,Surname 882,F,0.652760
Campus 4,Firstname 591,Surname 591,M,0.654750
Campus 2,Firstname 206,Surname 206,F,0.656225
Campus 6,Firstname 981,Surname 981,F,0.656407
Campus 4,Firstname 551,Surname 551,M,0.657023
Campus 7,Firstname 1094,Surname 1094,M,0.657755
Campus 2,Firstname 138,Surname 138,F,0.658967
Campus 2,Firstname 100,Surname 100,F,0.660421
Campus 8,Firstname 1369,Surname 1369,F,0.660671
Campus 7,Firstname 1176,Surname 1176,M,0.661433
Campus 7,Firstname 1175,Surname 1175,F,0.662207
Campus 2,Firstname 152,Surname 152,F,0.662238
Campus 3,Firstname 333,Surname 333,F,0.662398
Campus 2,Firstname 108,Surname 108,F,0.663204
Campus 8,Firstname 1322,Surname 1322,F,0.664381
Campus 9,Firstname 1449,Surname 1449,M,0.665217
Campus 8,Firstname 1339,Surname 1339,F,0.665781
Campus 7,Firstname 1080,Surname 1080,F,0.666874
Campus 2,Firstname 243,Surname 243,F,0.667059
Campus 9,Firstname 1475,Surname 1475,F,0.670390
Campus 4,Firstname 778,Surname 778,F,0.670642
Campus 4,Firstname 386,Surname 386,M,0.671864
Campus 2,Firstname 130,Surname 130,F,0.671871
Campus 1,Firstname 5,Surname 5,F,0.672709
Campus 4,Firstname 688,Surname 688,F,0.673418
Campus 8,Firstname 1390,Surname 1390,M,0.673662
Campus 7,Firstname 1277,Surname 1277,F,0.673948
Campus 6,Firstname 909,Surname 909,F,0.675426
Campus 7,Firstname 1097,Surname 1097,F,0.675442
Campus 4,Firstname 387,Surname 387,F,0.675571
Campus 2,Firstname 69,Surname 69,F,0.676402
Campus 4,Firstname 750,Surname 750,F,0.677718
Campus 4,Firstname 721,Surname 721,F,0.678890
Campus 6,Firstname 1013,Surname 1013,F,0.679561
Campus 4,Firstname 717,Surname 717,F,0.679718
Campus 4,Firstname 627,Surname 627,F,0.680151
Campus 2,Firstname 105,Surname 105,F,0.681158
Campus 2,Firstname 127,Surname 127,F,0.681588
Campus 9,Firstname 1522,Surname 1522,M,0.682158
Campus 9,Firstname 1465,Surname 1465,M,0.682989
Campus 3,Firstname 274,Surname 274,M,0.683376
Campus 3,Firstname 253,Surname 253,F,0.683658
Campus 8,Firstname 1428,Surname 1428,F,0.683910
Campus 9,Firstname 1538,Surname 1538,F,0.684011
Campus 4,Firstname 543,Surname 543,F,0.684829
Campus 9,Firstname 1561,Surname 1561,F,0.685781
Campus 7,Firstname 1299,Surname 1299,F,0.686378
Campus 8,Firstname 1422,Surname 1422,F,0.686469
Campus 8,Firstname 1323,Surname 1323,F,0.686599
Campus 4,Firstname 441,Surname 441,M,0.688059
Campus 9,Firstname 1459,Surname 1459,F,0.688765
Campus 4,Firstname 702,Surname 702,F,0.690626
Campus 9,Firstname 1557,Surname 1557,F,0.691513
Campus 4,Firstname 653,Surname 653,F,0.693104
Campus 4,Firstname 607,Surname 607,F,0.693686
Campus 7,Firstname 1198,Surname 1198,F,0.694098
Campus 7,Firstname 1183,Surname 1183,F,0.694294
Campus 6,Firstname 995,Surname 995,F,0.694321
Campus 4,Firstname 510,Surname 510,F,0.694347
Campus 7,Firstname 1292,Surname 1292,F,0.694450
Campus 8,Firstname 1417,Surname 1417,F,0.694839
Campus 6,Firstname 968,Surname 968,F,0.694934
Campus 4,Firstname 723,Surname 723,F,0.695655
Campus 4,Firstname 372,Surname 372,F,0.695772
Campus 5,Firstname 816,Surname 816,M,0.696244
Campus 6,Firstname 991,Surname 991,F,0.697913
Campus 9,Firstname 1467,Surname 1467,M,0.698370
Campus 4,Firstname 638,Surname 638,F,0.699755
Campus 9,Firstname 1537,Surname 1537,F,0.699791
Campus 6,Firstname 987,Surname 987,F,0.700450
Campus 4,Firstname 578,Surname 578,F,0.701302
Campus 7,Firstname 1216,Surname 1216,F,0.701403
Campus 7,Firstname 1134,Surname 1134,F,0.702187
Campus 8,Firstname 1392,Surname 1392,F,0.702608
Campus 7,Firstname 1044,Surname 1044,F,0.703050
Campus 7,Firstname 1067,Surname 1067,M,0.703812
Campus 8,Firstname 1337,Surname 1337,F,0.703883
Campus 4,Firstname 490,Surname 490,F,0.705115
Campus 4,Firstname 656,Surname 656,F,0.705735
Campus 8,Firstname 1396,Surname 1396,F,0.705841
Campus 4,Firstname 405,Surname 405,M,0.706417
Campus 6,Firstname 950,Surname 950,F,0.706437
Campus 7,Firstname 1102,Surname 1102,F,0.706847
Campus 6,Firstname 998,Surname 998,F,0.707402
Campus 6,Firstname 1031,Surname 1031,M,0.707978
Campus 3,Firstname 366,Surname 366,F,0.708313
Campus 4,Firstname 560,Surname 560,M,0.708824
Campus 2,Firstname 111,Surname 111,M,0.709567
Campus 5,Firstname 849,Surname 849,F,0.710133
Campus 4,Firstname 544,Surname 544,F,0.710239
Campus 7,Firstname 1193,Surname 1193,F,0.710822
Campus 2,Firstname 191,Surname 191,F,0.711003
Campus 4,Firstname 644,Surname 644,F,0.711198
Campus 2,Firstname 204,Surname 204,F,0.711324
Campus 6,Firstname 1001,Surname 1001,F,0.711639
Campus 7,Firstname 1106,Surname 1106,F,0.711891
Campus 7,Firstname 1252,Surname 1252,F,0.712440
Campus 8,Firstname 1427,Surname 1427,F,0.712602
Campus 5,Firstname 904,Surname 904,F,0.713453
Campus 3,Firstname 357,Surname 357,F,0.713886
Campus 4,Firstname 378,Surname 378,F,0.714488
Campus 4,Firstname 455,Surname 455,M,0.714925
Campus 9,Firstname 1542,Surname 1542,F,0.715706
Campus 2,Firstname 235,Surname 235,F,0.717159
Campus 9,Firstname 1480,Surname 1480,F,0.718691
Campus 4,Firstname 699,Surname 699,F,0.719033
Campus 2,Firstname 112,Surname 112,F,0.719695
Campus 7,Firstname 1279,Surname 1279,F,0.719819
Campus 4,Firstname 431,Surname 431,M,0.720951
Campus 4,Firstname 394,Surname 394,F,0.721080
Campus 9,Firstname 1532,Surname 1532,F,0.723284
Campus 4,Firstname 665,Surname 665,F,0.723361
Campus 7,Firstname 1081,Surname 1081,F,0.723792
Campus 4,Firstname 604,Surname 604,F,0.724488
Campus 7,Firstname 1207,Surname 1207,F,0.725126
Campus 2,Firstname 144,Surname 144,F,0.725289
Campus 9,Firstname 1489,Surname 1489,F,0.725507
Campus 8,Firstname 1420,Surname 1420,F,0.725843
Campus 2,Firstname 236,Surname 236,F,0.727950
Campus 8,Firstname 1344,Surname 1344,F,0.729226
Campus 4,Firstname 421,Surname 421,M,0.729733
Campus 6,Firstname 954,Surname 954,M,0.730020
Campus 9,Firstname 1456,Surname 1456,M,0.732995
Campus 5,Firstname 839,Surname 839,F,0.733361
Campus 7,Firstname 1082,Surname 1082,F,0.733410
Campus 8,Firstname 1306,Surname 1306,F,0.733960
Campus 7,Firstname 1116,Surname 1116,F,0.734537
Campus 7,Firstname 1150,Surname 1150,F,0.734570
Campus 7,Firstname 1275,Surname 1275,F,0.735099
Campus 7,Firstname 1108,Surname 1108,F,0.735105
Campus 7,Firstname 1184,Surname 1184,F,0.735636
Campus 6,Firstname 989,Surname 989,F,0.736508
Campus 4,Firstname 406,Surname 406,F,0.737152
Campus 6,Firstname 1009,Surname 1009,F,0.737874
Campus 7,Firstname 1189,Surname 1189,F,0.737899
Campus 3,Firstname 292,Surname 292,F,0.738276
Campus 4,Firstname 391,Surname 391,F,0.738620
Campus 3,Firstname 360,Surname 360,F,0.742880
Campus 2,Firstname 45,Surname 45,F,0.743017
Campus 4,Firstname 470,Surname 470,M,0.743107
Campus 5,Firstname 875,Surname 875,F,0.743637
Campus 4,Firstname 589,Surname 589,M,0.745602
Campus 5,Firstname 901,Surname 901,F,0.745850
Campus 4,Firstname 793,Surname 793,F,0.745856
Campus 2,Firstname 32,Surname 32,M,0.746544
Campus 8,Firstname 1378,Surname 1378,F,0.746610
Campus 2,Firstname 58,Surname 58,F,0.747040
Campus 4,Firstname 540,Surname 540,M,0.748149
Campus 2,Firstname 31,Surname 31,F,0.748393
Campus 4,Firstname 674,Surname 674,F,0.748466
Campus 2,Firstname 202,Surname 202,F,0.750101
Campus 4,Firstname 583,Surname 583,F,0.750289
Campus 3,Firstname 347,Surname 347,F,0.751639
Campus 3,Firstname 309,Surname 309,F,0.751935
Campus 4,Firstname 757,Surname 757,F,0.754326
Campus 7,Firstname 1161,Surname 1161,F,0.755608
Campus 7,Firstname 1217,Surname 1217,F,0.756915
Campus 2,Firstname 92,Surname 92,M,0.757358
Campus 4,Firstname 574,Surname 574,M,0.759735
Campus 4,Firstname 479,Surname 479,F,0.761086
Campus 5,Firstname 832,Surname 832,F,0.761206
Campus 8,Firstname 1431,Surname 1431,F,0.761695
Campus 6,Firstname 934,Surname 934,F,0.761801
Campus 4,Firstname 468,Surname 468,F,0.761883
Campus 4,Firstname 466,Surname 466,F,0.762062
Campus 2,Firstname 178,Surname 178,F,0.762640
Campus 4,Firstname 712,Surname 712,F,0.762742
Campus 4,Firstname 443,Surname 443,M,0.763618
Campus 7,Firstname 1181,Surname 1181,F,0.764189
Campus 6,Firstname 922,Surname 922,F,0.765898
Campus 7,Firstname 1114,Surname 1114,F,0.766171
Campus 7,Firstname 1239,Surname 1239,F,0.766594
Campus 4,Firstname 814,Surname 814,F,0.767462
Campus 9,Firstname 1512,Surname 1512,F,0.768473
Campus 4,Firstname 660,Surname 660,F,0.769301
Campus 7,Firstname 1088,Surname 1088,F,0.770327
Campus 4,Firstname 484,Surname 484,F,0.771201
Campus 3,Firstname 279,Surname 279,F,0.771818
Campus 4,Firstname 601,Surname 601,M,0.772063
Campus 4,Firstname 452,Surname 452,F,0.772093
Campus 7,Firstname 1211,Surname 1211,F,0.772735
Campus 4,Firstname 448,Surname 448,F,0.773018
Campus 3,Firstname 255,Surname 255,M,0.773726
Campus 9,Firstname 1539,Surname 1539,F,0.774067
Campus 7,Firstname 1144,Surname 1144,M,0.775043
Campus 4,Firstname 374,Surname 374,M,0.775327
Campus 7,Firstname 1259,Surname 1259,F,0.775535
Campus 5,Firstname 894,Surname 894,F,0.775661
Campus 9,Firstname 1455,Surname 1455,F,0.776333
Campus 6,Firstname 1017,Surname 1017,M,0.777016
Campus 4,Firstname 412,Surname 412,M,0.778568
Campus 8,Firstname 1320,Surname 1320,F,0.778809
Campus 4,Firstname 569,Surname 569,F,0.779687
Campus 4,Firstname 766,Surname 766,F,0.782410
Campus 4,Firstname 790,Surname 790,F,0.784113
Campus 7,Firstname 1042,Surname 1042,F,0.784533
Campus 5,Firstname 897,Surname 897,F,0.785422
Campus 4,Firstname 798,Surname 798,F,0.786134
Campus 4,Firstname 706,Surname 706,F,0.786143
Campus 6,Firstname 972,Surname 972,F,0.786324
Campus 2,Firstname 49,Surname 49,M,0.786425
Campus 7,Firstname 1117,Surname 1117,F,0.787134
Campus 7,Firstname 1061,Surname 1061,F,0.787666
Campus 4,Firstname 482,Surname 482,M,0.789991
Campus 8,Firstname 1430,Surname 1430,F,0.790512
Campus 6,Firstname 1007,Surname 1007,F,0.790923
Campus 7,Firstname 1083,Surname 1083,M,0.791255
Campus 3,Firstname 316,Surname 316,F,0.791325
Campus 4,Firstname 759,Surname 759,F,0.791448
Campus 4,Firstname 419,Surname 419,F,0.792660
Campus 7,Firstname 1162,Surname 1162,F,0.792812
Campus 6,Firstname 1029,Surname 1029,M,0.792826
Campus 4,Firstname 409,Surname 409,M,0.794018
Campus 6,Firstname 1027,Surname 1027,F,0.795312
Campus 9,Firstname 1527,Surname 1527,F,0.795313
Campus 4,Firstname 780,Surname 780,F,0.795567
Campus 8,Firstname 1319,Surname 1319,M,0.795653
Campus 8,Firstname 1411,Surname 1411,F,0.795657
Campus 9,Firstname 1481,Surname 1481,M,0.796553
Campus 8,Firstname 1367,Surname 1367,M,0.796741
Campus 7,Firstname 1085,Surname 1085,F,0.797198
Campus 5,Firstname 896,Surname 896,F,0.798749
Campus 4,Firstname 743,Surname 743,F,0.798919
Campus 2,Firstname 238,Surname 238,F,0.799824
Campus 9,Firstname 1436,Surname 1436,F,0.800132
Campus 2,Firstname 190,Surname 190,F,0.800481
Campus 4,Firstname 704,Surname 704,F,0.800979
Campus 6,Firstname 938,Surname 938,F,0.803071
Campus 2,Firstname 197,Surname 197,F,0.803137
Campus 9,Firstname 1541,Surname 1541,F,0.803413
Campus 9,Firstname 1544,Surname 1544,F,0.804226
Campus 2,Firstname 122,Surname 122,F,0.804869
Campus 2,Firstname 101,Surname 101,F,0.805110
Campus 4,Firstname 500,Surname 500,F,0.806254
Campus 4,Firstname 435,Surname 435,M,0.808179
Campus 7,Firstname 1249,Surname 1249,F,0.808733
Campus 4,Firstname 661,Surname 661,F,0.808873
Campus 7,Firstname 1247,Surname 1247,F,0.809338
Campus 7,Firstname 1243,Surname 1243,F,0.810003
Campus 9,Firstname 1530,Surname 1530,F,0.812948
Campus 6,Firstname 963,Surname 963,M,0.813185
Campus 6,Firstname 1003,Surname 1003,F,0.813531
Campus 4,Firstname 787,Surname 787,F,0.813621
Campus 7,Firstname 1272,Surname 1272,F,0.813787
Campus 4,Firstname 463,Surname 463,F,0.814237
Campus 5,Firstname 902,Surname 902,F,0.814975
Campus 5,Firstname 856,Surname 856,F,0.815518
Campus 4,Firstname 597,Surname 597,F,0.816775
Campus 7,Firstname 1074,Surname 1074,F,0.817392
Campus 7,Firstname 1215,Surname 1215,F,0.817965
Campus 4,Firstname 453,Surname 453,F,0.818240
Campus 4,Firstname 411,Surname 411,M,0.818843
Campus 4,Firstname 469,Surname 469,F,0.819788
Campus 7,Firstname 1225,Surname 1225,F,0.820327
Campus 2,Firstname 99,Surname 99,F,0.820641
Campus 4,Firstname 401,Surname 401,F,0.821103
Campus 4,Firstname 488,Surname 488,F,0.821404
Campus 7,Firstname 1072,Surname 1072,F,0.822070
Campus 3,Firstname 355,Surname 355,F,0.823180
Campus 4,Firstname 447,Surname 447,F,0.823612
Campus 4,Firstname 465,Surname 465,M,0.823903
Campus 6,Firstname 932,Surname 932,M,0.825013
Campus 4,Firstname 476,Surname 476,F,0.825533
Campus 7,Firstname 1043,Surname 1043,F,0.826106
Campus 7,Firstname 1251,Surname 1251,F,0.826652
Campus 3,Firstname 325,Surname 325,F,0.827722
Campus 2,Firstname 115,Surname 115,M,0.828434
Campus 7,Firstname 1119,Surname 1119,F,0.828861
Campus 7,Firstname 1163,Surname 1163,M,0.830405
Campus 4,Firstname 649,Surname 649,F,0.830792
Campus 7,Firstname 1203,Surname 1203,F,0.831956
Campus 6,Firstname 923,Surname 923,F,0.832042
Campus 2,Firstname 77,Surname 77,F,0.832419
Campus 9,Firstname 1437,Surname 1437,F,0.832602
Campus 3,Firstname 278,Surname 278,F,0.832752
Campus 3,Firstname 307,Surname 307,F,0.833981
Campus 7,Firstname 1245,Surname 1245,F,0.834685
Campus 4,Firstname 777,Surname 777,F,0.834690
Campus 7,Firstname 1076,Surname 1076,F,0.836770
Campus 3,Firstname 263,Surname 263,F,0.836924
Campus 7,Firstname 1099,Surname 1099,M,0.838456
Campus 9,Firstname 1498,Surname 1498,F,0.840156
Campus 4,Firstname 806,Surname 806,F,0.840268
Campus 2,Firstname 188,Surname 188,F,0.840769
Campus 4,Firstname 376,Surname 376,M,0.842090
Campus 2,Firstname 196,Surname 196,F,0.842238
Campus 2,Firstname 51,Surname 51,M,0.842366
Campus 4,Firstname 720,Surname 720,F,0.842448
Campus 4,Firstname 403,Surname 403,M,0.842587
Campus 3,Firstname 290,Surname 290,M,0.843716
Campus 5,Firstname 866,Surname 866,F,0.843759
Campus 4,Firstname 450,Surname 450,F,0.844770
Campus 3,Firstname 291,Surname 291,F,0.845975
Campus 3,Firstname 327,Surname 327,F,0.846737
Campus 2,Firstname 91,Surname 91,F,0.847746
Campus 3,Firstname 271,Surname 271,F,0.849984
Campus 9,Firstname 1555,Surname 1555,F,0.850589
Campus 4,Firstname 641,Surname 641,F,0.850813
Campus 7,Firstname 1125,Surname 1125,F,0.851063
Campus 2,Firstname 187,Surname 187,F,0.851137
Campus 9,Firstname 1549,Surname 1549,F,0.851314
Campus 6,Firstname 982,Surname 982,F,0.854996
Campus 7,Firstname 1132,Surname 1132,F,0.855003
Campus 4,Firstname 801,Surname 801,F,0.855523
Campus 7,Firstname 1178,Surname 1178,F,0.856431
Campus 8,Firstname 1380,Surname 1380,M,0.856535
Campus 8,Firstname 1336,Surname 1336,F,0.856634
Campus 4,Firstname 794,Surname 794,F,0.857206
Campus 1,Firstname 12,Surname 12,F,0.857780
Campus 2,Firstname 86,Surname 86,F,0.858323
Campus 3,Firstname 282,Surname 282,M,0.859017
Campus 2,Firstname 227,Surname 227,F,0.859184
Campus 9,Firstname 1462,Surname 1462,F,0.859282
Campus 2,Firstname 73,Surname 73,M,0.860199
Campus 3,Firstname 305,Surname 305,M,0.860769
Campus 4,Firstname 738,Surname 738,F,0.860900
Campus 4,Firstname 662,Surname 662,F,0.860991
Campus 3,Firstname 252,Surname 252,F,0.861590
Campus 8,Firstname 1375,Surname 1375,F,0.862838
Campus 4,Firstname 508,Surname 508,F,0.863196
Campus 9,Firstname 1550,Surname 1550,F,0.864143
Campus 4,Firstname 616,Surname 616,F,0.864784
Campus 6,Firstname 1024,Surname 1024,F,0.865361
Campus 4,Firstname 609,Surname 609,F,0.865779
Campus 2,Firstname 224,Surname 224,F,0.866073
Campus 4,Firstname 471,Surname 471,F,0.866355
Campus 4,Firstname 615,Surname 615,F,0.867113
Campus 9,Firstname 1547,Surname 1547,F,0.867411
Campus 7,Firstname 1156,Surname 1156,F,0.868176
Campus 9,Firstname 1452,Surname 1452,M,0.868442
Campus 4,Firstname 769,Surname 769,F,0.868728
Campus 5,Firstname 818,Surname 818,F,0.868877
Campus 7,Firstname 1262,Surname 1262,F,0.869216
Campus 6,Firstname 941,Surname 941,F,0.869854
Campus 9,Firstname 1448,Surname 1448,M,0.870013
Campus 3,Firstname 349,Surname 349,F,0.870971
Campus 5,Firstname 831,Surname 831,F,0.871105
Campus 2,Firstname 193,Surname 193,F,0.871656
Campus 8,Firstname 1406,Surname 1406,F,0.872176
Campus 1,Firstname 15,Surname 15,F,0.872412
Campus 4,Firstname 529,Surname 529,F,0.872692
Campus 3,Firstname 283,Surname 283,F,0.873308
Campus 7,Firstname 1124,Surname 1124,M,0.876085
Campus 6,Firstname 914,Surname 914,F,0.876259
Campus 3,Firstname 322,Surname 322,F,0.876942
Campus 5,Firstname 827,Surname 827,F,0.878613
Campus 2,Firstname 39,Surname 39,F,0.879473
Campus 4,Firstname 541,Surname 541,F,0.880982
Campus 7,Firstname 1146,Surname 1146,F,0.881212
Campus 7,Firstname 1164,Surname 1164,M,0.882010
Campus 2,Firstname 241,Surname 241,F,0.886030
Campus 4,Firstname 429,Surname 429,F,0.886134
Campus 3,Firstname 352,Surname 352,F,0.886155
Campus 9,Firstname 1492,Surname 1492,F,0.886297
Campus 4,Firstname 636,Surname 636,F,0.889643
Campus 4,Firstname 745,Surname 745,F,0.891181
Campus 4,Firstname 642,Surname 642,F,0.891705
Campus 6,Firstname 959,Surname 959,F,0.891886
Campus 2,Firstname 221,Surname 221,F,0.892986
Campus 7,Firstname 1260,Surname 1260,F,0.893275
Campus 7,Firstname 1077,Surname 1077,F,0.893623
Campus 7,Firstname 1128,Surname 1128,F,0.893678
Campus 4,Firstname 613,Surname 613,F,0.894440
Campus 8,Firstname 1352,Surname 1352,F,0.897568
Campus 9,Firstname 1460,Surname 1460,M,0.898070
Campus 2,Firstname 29,Surname 29,M,0.898112
Campus 8,Firstname 1357,Surname 1357,F,0.899593
Campus 6,Firstname 930,Surname 930,F,0.899976
Campus 1,Firstname 16,Surname 16,F,0.901121
Campus 4,Firstname 774,Surname 774,F,0.901248
Campus 2,Firstname 131,Surname 131,F,0.901757
Campus 8,Firstname 1365,Surname 1365,F,0.903477
Campus 7,Firstname 1055,Surname 1055,F,0.905470
Campus 8,Firstname 1371,Surname 1371,F,0.905701
Campus 3,Firstname 280,Surname 280,F,0.906010
Campus 3,Firstname 304,Surname 304,F,0.906279
Campus 4,Firstname 785,Surname 785,F,0.906430
Campus 4,Firstname 486,Surname 486,F,0.906890
Campus 7,Firstname 1129,Surname 1129,M,0.906940
Campus 4,Firstname 788,Surname 788,F,0.907306
Campus 3,Firstname 330,Surname 330,F,0.907553
Campus 4,Firstname 783,Surname 783,F,0.908403
Campus 4,Firstname 736,Surname 736,F,0.908469
Campus 4,Firstname 770,Surname 770,F,0.909519
Campus 7,Firstname 1230,Surname 1230,F,0.909677
Campus 9,Firstname 1440,Surname 1440,F,0.909869
Campus 6,Firstname 980,Surname 980,M,0.909871
Campus 7,Firstname 1172,Surname 1172,F,0.910023
Campus 2,Firstname 192,Surname 192,F,0.910134
Campus 2,Firstname 46,Surname 46,F,0.910299
Campus 2,Firstname 64,Surname 64,F,0.910891
Campus 2,Firstname 106,Surname 106,F,0.911500
Campus 4,Firstname 652,Surname 652,F,0.912698
Campus 7,Firstname 1235,Surname 1235,F,0.913019
Campus 7,Firstname 1250,Surname 1250,F,0.913066
Campus 7,Firstname 1070,Surname 1070,F,0.913934
Campus 9,Firstname 1443,Surname 1443,M,0.914114
Campus 4,Firstname 382,Surname 382,F,0.914285
Campus 3,Firstname 289,Surname 289,F,0.914406
Campus 3,Firstname 346,Surname 346,F,0.915151
Campus 7,Firstname 1208,Surname 1208,F,0.915949
Campus 3,Firstname 256,Surname 256,F,0.916874
Campus 4,Firstname 437,Surname 437,M,0.917015
Campus 7,Firstname 1066,Surname 1066,F,0.917068
Campus 3,Firstname 341,Surname 341,F,0.919258
Campus 2,Firstname 147,Surname 147,F,0.919714
Campus 2,Firstname 215,Surname 215,F,0.919830
Campus 8,Firstname 1333,Surname 1333,F,0.920416
Campus 4,Firstname 637,Surname 637,F,0.920611
Campus 9,Firstname 1529,Surname 1529,F,0.920728
Campus 4,Firstname 440,Surname 440,M,0.923838
Campus 6,Firstname 935,Surname 935,F,0.924341
Campus 3,Firstname 328,Surname 328,F,0.924872
Campus 6,Firstname 944,Surname 944,F,0.926279
Campus 8,Firstname 1307,Surname 1307,F,0.927524
Campus 7,Firstname 1276,Surname 1276,F,0.927548
Campus 4,Firstname 433,Surname 433,F,0.927921
Campus 4,Firstname 749,Surname 749,F,0.928079
Campus 7,Firstname 1065,Surname 1065,M,0.929912
Campus 6,Firstname 975,Surname 975,F,0.930779
Campus 4,Firstname 565,Surname 565,F,0.931186
Campus 4,Firstname 384,Surname 384,F,0.931974
Campus 7,Firstname 1254,Surname 1254,F,0.932274
Campus 4,Firstname 458,Surname 458,F,0.934092
Campus 4,Firstname 509,Surname 509,F,0.934747
Campus 4,Firstname 691,Surname 691,F,0.935707
Campus 8,Firstname 1361,Surname 1361,F,0.935923
Campus 4,Firstname 630,Surname 630,F,0.935995
Campus 2,Firstname 68,Surname 68,M,0.936240
Campus 3,Firstname 287,Surname 287,M,0.936384
Campus 8,Firstname 1334,Surname 1334,F,0.936948
Campus 3,Firstname 339,Surname 339,F,0.937873
Campus 2,Firstname 38,Surname 38,F,0.938236
Campus 9,Firstname 1487,Surname 1487,M,0.938825
Campus 4,Firstname 763,Surname 763,F,0.939395
Campus 5,Firstname 823,Surname 823,F,0.939430
Campus 2,Firstname 229,Surname 229,F,0.940475
Campus 8,Firstname 1327,Surname 1327,F,0.941369
Campus 4,Firstname 705,Surname 705,F,0.941664
Campus 1,Firstname 23,Surname 23,F,0.941732
Campus 4,Firstname 464,Surname 464,M,0.942912
Campus 7,Firstname 1078,Surname 1078,F,0.943081
Campus 7,Firstname 1226,Surname 1226,F,0.943537
Campus 9,Firstname 1497,Surname 1497,F,0.944975
Campus 1,Firstname 2,Surname 2,F,0.945223
Campus 2,Firstname 148,Surname 148,F,0.946938
Campus 7,Firstname 1033,Surname 1033,F,0.947125
Campus 3,Firstname 324,Surname 324,F,0.947488
Campus 4,Firstname 680,Surname 680,F,0.947639
Campus 2,Firstname 218,Surname 218,F,0.947998
Campus 8,Firstname 1360,Surname 1360,M,0.949579
Campus 9,Firstname 1432,Surname 1432,F,0.950011
Campus 3,Firstname 267,Surname 267,M,0.951188
Campus 3,Firstname 247,Surname 247,F,0.951256
Campus 9,Firstname 1546,Surname 1546,F,0.952649
Campus 6,Firstname 1004,Surname 1004,F,0.952836
Campus 4,Firstname 647,Surname 647,F,0.952883
Campus 4,Firstname 396,Surname 396,F,0.952913
Campus 7,Firstname 1195,Surname 1195,F,0.953146
Campus 2,Firstname 237,Surname 237,F,0.954229
Campus 4,Firstname 789,Surname 789,F,0.955136
Campus 9,Firstname 1553,Surname 1553,F,0.955331
Campus 9,Firstname 1488,Surname 1488,M,0.955934
Campus 9,Firstname 1524,Surname 1524,F,0.955965
Campus 6,Firstname 945,Surname 945,F,0.956101
Campus 4,Firstname 570,Surname 570,M,0.956649
Campus 6,Firstname 951,Surname 951,F,0.957320
Campus 2,Firstname 109,Surname 109,F,0.958725
Campus 7,Firstname 1288,Surname 1288,F,0.959102
Campus 6,Firstname 1012,Surname 1012,F,0.960381
Campus 8,Firstname 1313,Surname 1313,F,0.961038
Campus 2,Firstname 189,Surname 189,F,0.961164
Campus 8,Firstname 1381,Surname 1381,F,0.962536
Campus 8,Firstname 1310,Surname 1310,F,0.963030
Campus 4,Firstname 432,Surname 432,F,0.963056
Campus 4,Firstname 767,Surname 767,F,0.964786
Campus 4,Firstname 392,Surname 392,F,0.966040
Campus 8,Firstname 1383,Surname 1383,M,0.966190
Campus 7,Firstname 1282,Surname 1282,F,0.966621
Campus 9,Firstname 1525,Surname 1525,F,0.968257
Campus 6,Firstname 988,Surname 988,M,0.968288
Campus 6,Firstname 974,Surname 974,F,0.969926
Campus 4,Firstname 684,Surname 684,F,0.970674
Campus 9,Firstname 1494,Surname 1494,F,0.971058
Campus 3,Firstname 364,Surname 364,F,0.973215
Campus 5,Firstname 888,Surname 888,M,0.973769
Campus 2,Firstname 87,Surname 87,F,0.973969
Campus 9,Firstname 1528,Surname 1528,F,0.975419
Campus 9,Firstname 1444,Surname 1444,M,0.976177
Campus 4,Firstname 669,Surname 669,F,0.977365
Campus 3,Firstname 303,Surname 303,F,0.978088
Campus 6,Firstname 1002,Surname 1002,F,0.978674
Campus 7,Firstname 1191,Surname 1191,F,0.978900
Campus 7,Firstname 1266,Surname 1266,F,0.978932
Campus 4,Firstname 672,Surname 672,F,0.979231
Campus 9,Firstname 1439,Surname 1439,F,0.979481
Campus 8,Firstname 1363,Surname 1363,F,0.980060
Campus 4,Firstname 594,Surname 594,F,0.980442
Campus 7,Firstname 1122,Surname 1122,F,0.982630
Campus 4,Firstname 423,Surname 423,F,0.982835
Campus 7,Firstname 1051,Surname 1051,F,0.983438
Campus 6,Firstname 947,Surname 947,F,0.983639
Campus 4,Firstname 585,Surname 585,M,0.984670
Campus 2,Firstname 57,Surname 57,M,0.984775
Campus 3,Firstname 298,Surname 298,F,0.987208
Campus 4,Firstname 530,Surname 530,M,0.987824
Campus 4,Firstname 671,Surname 671,F,0.987987
Campus 4,Firstname 761,Surname 761,F,0.990528
Campus 7,Firstname 1139,Surname 1139,F,0.991704
Campus 4,Firstname 523,Surname 523,F,0.991955
Campus 8,Firstname 1376,Surname 1376,F,0.992656
Campus 8,Firstname 1328,Surname 1328,F,0.992955
Campus 4,Firstname 596,Surname 596,M,0.993531
Campus 1,Firstname 3,Surname 3,F,0.994376
Campus 7,Firstname 1050,Surname 1050,F,0.995558
Campus 8,Firstname 1429,Surname 1429,F,0.995829
Campus 7,Firstname 1270,Surname 1270,F,0.996315
Campus 9,Firstname 1463,Surname 1463,F,0.996600
Campus 7,Firstname 1130,Surname 1130,F,0.997473
Campus 6,Firstname 949,Surname 949,F,0.997832